"","V1","V2","V3","V4","V5","V6","V7","V8","V9","V10","V11","V12","V13","V14","V15","V16","V17","V18","V19","V20","V21","V22","V23","V24","V25","V26","V27","V28","V29","V30","V31","V32","V33","V34","V35","V36","V37","V38","V39","V40","V41","V42","V43","V44","V45","V46","V47","V48","V49","V50","V51","V52","V53","V54","V55","V56","V57","V58","V59","V60"
"1",0.442852003417318,1.52849355203834,-1.41203346872762,0.435480830820469,-0.485863807812821,-0.51264519635266,-0.300642494692255,1.43144156563517,-1.03185735143554,-1.36870342173231,-0.191541454511883,-1.17480225969012,-0.4041282914111,0.297342788001714,-0.210781341402054,0.604809795490966,-0.701998020826398,0.858831512780855,-0.943379454766603,-0.150027714795061,-0.899242664887632,1.05204086207246,0.363187241555611,-0.262056230365373,1.30055646827435,-0.503688213858289,-0.321172092158045,1.2265186057427,0.38786859383873,1.16469074110217,-0.762287364257702,-1.41013110341245,1.98974396915977,-0.8168385360361,-0.592832595336512,-0.939370898420195,-1.95780439260835,-1.03177100277994,-0.593988184190699,0.956841851320278,0.57917556534358,1.13776483038052,0.153176430086797,-0.686676120541634,1.67919355521827,-1.23887841080022,-2.1934938207373,-1.45828082226093,-1.1621773141544,1.03993793140557,0.0412043103500483,1.0085889236039,0.374395556270287,1.73145465068512,-0.878698771775203,-0.369956953572627,-1.44411510114072,-0.377761979929683,0.0430038069667981,-2.07403026091447
"2",1.63933319867278,1.23791303978217,-1.31935965341492,-1.16623145208669,0.744447555799914,-0.169369862039447,0.870803961215349,-1.58555594419194,0.420346768857933,0.0594472521239225,0.698321558364872,-1.8866240391197,2.21529521680738,-0.402847424945391,-1.57805679875856,-0.0694671870898511,-0.537069244669815,0.911487515898845,-0.668646592027914,-0.337867963472477,1.42995650499608,-0.768444101918471,0.965679037297533,-1.73593514890434,0.596598762791605,-0.223052465258928,-0.233924588425948,-0.187935890689977,-0.306226572321668,-0.591233645241515,1.0505613091679,-1.84352900936419,-0.378900261199007,0.829236404090401,-0.24341528422096,0.951545612999304,-2.20136837921843,-1.68334300155491,-0.749960149573165,0.0965268483530838,-0.595890128964057,0.517692111202343,-0.116021211313032,-0.45218147497638,0.0771508043263337,-1.14984686675217,-0.523865531511641,1.06638623488834,0.00165929659282832,0.179584151225157,-1.39442768657245,-0.261806550499372,2.30544521425098,0.780917241573721,0.408472658973452,1.76748263881527,0.469516444592495,-0.065333352476877,0.73694141361831,0.912820587160849
"3",1.00363850551835,0.479134704945594,0.417685906065258,-1.27697730488597,-0.199389836606953,0.453799929449906,0.0157640932421699,1.21982185705271,0.0890523694601075,0.672936974803687,1.51374063011055,-0.834518878403914,1.24542377648483,-0.1932069356994,-0.894755056034137,-0.761225300534793,-0.35332715168697,1.14042268928021,0.731712893705761,0.86218515341206,-0.641769809279501,-0.126396652750783,0.0857862017159248,-0.53464396533061,-1.19642163543333,-0.386348106469601,-0.148004438206074,-0.411881210342269,-0.399446343624202,0.214478658549549,0.55457447308241,-0.7249547028246,0.0377604190507984,0.871739461792691,-0.467128807427778,1.04575636255397,-0.818353985943556,-0.86586184160769,-0.164948317121655,-0.95943621145954,-0.763515102986071,0.641212787157144,0.468740687523193,-2.68818388474117,1.60103919852936,-0.564882452655463,0.563339921929702,0.78595386047633,0.0445530728081756,2.30133344326419,1.49605836990937,0.65468038274768,-2.4204214552535,0.390108209392951,-0.0571773888350376,0.964577815760838,-0.180274255578322,-1.0741397996914,-1.39684405542761,-2.06845826142835
"4",0.795730840229368,0.43631071420344,-1.43020804933184,-0.000131568690518855,-1.02318602007797,0.771650758103089,0.789027736371717,0.0142450058889195,-1.79817862528852,-0.685800129092853,0.32300309851045,-0.278887460624276,1.12175946747094,0.60702996268234,-0.502384457090283,-0.391190882544117,-0.615485776953852,-0.357098710304835,0.263914881027124,-0.608288637751569,0.652721225336483,0.539390617929051,0.362907792002165,-0.17180652217232,0.469325660687057,-0.562196389839235,0.734746766334107,-1.07277011358101,-0.308823416989823,1.75459798589454,-0.27987670464849,-0.955614285565859,0.262051354912035,2.87496402161028,0.918879308417499,0.285250727380003,-0.886645298409535,-0.0111631736655108,1.07015199178824,0.13273887841301,-0.0712924405633863,-0.521529804598727,-0.471088578268744,1.30797540035693,0.692738606545702,-0.138375552680844,0.0657438638218957,0.175736544405027,0.210636438938046,-0.893862065474078,-0.332736825491494,0.754114796857364,0.416394083026995,0.256459722690022,-1.46200600803215,0.061820564525874,-1.68607226429682,0.209873361274199,-0.517482335491777,-0.0437410766425382
"5",-0.176172963947538,0.517107823551281,1.88248250808294,-0.728989675556862,0.36518176760546,-0.0824327772008451,-0.252741456334778,-0.13630620008641,-0.940416765242468,-0.217274594856268,0.468190807859506,0.727839049922953,-0.22048290375316,-1.07695490280854,-1.77172800372621,-0.951689418866039,0.647789498921853,-0.545126847613979,0.448990004892599,0.612241236180824,0.835307259943539,2.09677418952249,0.201465156976076,1.2756134484667,0.11668951668694,-1.02651057607685,0.87021691320245,0.5702151445069,-0.218331136912265,-0.102075339320585,1.33188696072424,1.06628066328556,-0.624192692084551,0.622500271044419,0.0717587228702987,-1.36624446164653,-1.20501248932124,-0.590582489754015,1.01449720778076,0.826685066560905,0.283595179220528,1.0397901309611,-0.827059096133925,-0.50351599388817,-0.162305510977022,-0.549715062030941,1.19911947362631,1.48240105211916,0.225934060758487,-0.0455694533613926,0.947723690400579,0.0848642041661651,0.430831425216736,-0.186750026661072,-1.35685117403852,0.877624346586957,-1.34211595118467,-0.815125278648553,3.44161913341839,0.41956843040197
"6",0.119866019451928,0.479852351149307,0.297232449315326,-0.179265477457411,-1.21239806553093,0.18577650254198,-0.433358285433622,-0.33312089051475,0.785467204501027,-0.728345744123845,2.33367529534814,-0.241064531358941,-0.669704195909186,0.889961858226848,-1.67427998440254,0.0493859034109721,0.0800309771237858,-0.80315980541211,0.362317550583921,-1.57828752715025,0.353546943520759,-0.127395912257928,-0.239832057921167,-2.68480161712012,-0.0952678326337903,1.67526706388435,1.52182774220606,-0.704010477105019,0.116252140974916,1.05428936107635,0.253383609042417,1.64552673720304,0.019251628522107,0.95854992424868,-0.366021667932371,0.322176438198316,1.99391021668661,-0.470197150083522,-0.572195516480021,-0.27910793452013,-0.499866668718056,-1.17774778541525,0.658652252891646,0.239260933861811,1.33486332774148,-0.709245205313613,0.421821861614444,0.17141235349733,-1.46080173685597,-1.33834374693559,-1.23470552815412,-1.3432838227203,2.86230587716615,0.218964944322363,2.22349915973298,-1.05071846315053,0.0395625253204455,0.167306054499705,-0.524530024493015,0.512220917370361
"7",0.0147734142989526,-1.70787276252034,0.485607311114021,-0.122785659732539,0.801621161467648,-1.21089998809896,-1.25085388011156,0.758194929269176,-0.32362085000385,0.792575740152754,-0.68987482674643,-0.419697841284245,-1.12298564876215,-1.7391222804892,1.86078223356797,-1.19212248931958,-1.68037394408921,-0.0948832528522023,1.39589010598143,0.01473909065215,-1.44781114167641,0.126195610611212,-0.324443505086894,1.19358652764982,0.744452001062932,0.00190283303951373,0.00811084731717221,0.636081785910012,-0.0849054553940607,0.905300662377796,-1.44000752704959,0.233172751622827,0.175261125521695,0.171143851651298,0.902981766736452,1.44979871062332,0.671521412140198,-1.22372271557612,0.229160222883623,0.364221881846205,1.05215087675418,0.469560281064421,-0.971513870597876,-0.0540003511060302,0.702865886112064,-1.40522067844524,-0.180281842670849,0.209584154566984,0.367911955724058,1.45130668562331,0.262030595082347,0.431479906414094,-0.0430524571077559,-0.12361970197445,-0.219313867330502,-0.629411578328171,-0.260020718472919,0.451602252744538,-1.03116429178618,-1.13778429824126
"8",-0.921685691327444,-0.932514147640385,0.527309454813973,3.72491346437532,1.71694868115417,1.00549586152715,0.697143296851474,-0.927320301767236,1.42006293410964,0.523130464642994,0.0127313473003102,-1.36185906769168,1.43279145728343,-2.69922257208579,-0.328342131647942,-1.85793389354758,0.215022071795991,-1.1393680015404,1.12199240296797,-0.993817763966761,-1.17514430873686,0.43374361182623,-1.61636613854454,-1.56422857542156,-0.858931593597548,-0.0510236854921761,0.514068296523297,0.00949549101379415,-1.93337245495312,0.326395151510163,-0.496538426619667,0.956061548726438,0.623253586314589,-1.38861169620674,1.23243196917857,0.228729072486376,-0.411926424598089,-1.5212751491295,1.27589332499486,0.0502383437135224,-1.11835096342978,-1.50096203952447,0.361702103598853,-0.0676273637733044,-1.22047855017424,-1.92301262370283,-0.830248427517816,-0.0632267178820032,1.08073234509676,0.627771432152986,-1.15727386813049,0.88305296726672,0.300867106683449,-0.390883245530421,0.675637283425318,-0.448803815190447,0.517246611437615,1.11098721159258,0.525873011753217,1.02409254587683
"9",0.455143720911496,1.23684052645042,-0.00137418568194886,2.37537075331319,1.62486136829975,0.760018654285449,0.645526839667599,0.169702855769192,0.308760362305027,-1.23130104363315,-0.583015823718612,0.603197258984085,-1.11851837660213,0.104171814309922,-0.368959560287472,0.565222477928142,-0.17879933704647,-0.146170526609586,-1.01544066349477,0.551601550124049,-0.703350325671292,-0.57104885061054,-0.498715544526992,2.35924321072251,1.20519316451406,-0.946773696768065,0.791896689110072,-0.722635879729539,-0.771697947184578,1.03666088901475,1.07371668047703,0.788999261055486,-1.5047254065118,-1.55670428576935,-1.38072366764797,-1.79925833677822,-0.49009761181913,1.79769146075193,0.384503267779436,-0.244501066559113,-0.286795153524357,-0.921676971060397,0.129980990303485,0.140892371582741,1.73129448045148,1.21588835644826,0.71947820053951,1.38309712612578,-1.20819418616632,-0.160230913735598,0.413053197297044,1.44683661094262,-1.37850910136944,0.747077856232637,-0.246430122279495,-0.185923271876,0.367251478248808,-0.85993437855845,0.247319666770847,1.62659088778408
"10",0.760726025740862,1.15432783204764,-0.114944040712335,0.120973635845944,-0.208730784101292,-1.03175099442951,0.361543230150007,2.17865031866515,-1.71429456904877,-0.698513938364102,0.0378964678739939,0.0313873883493421,0.0329629319982253,1.4631995088106,-1.07034937247091,0.48596050823832,-0.554950649560046,0.69249276214516,1.41487992142442,-0.364147395768673,-0.160088651489684,0.377492537548647,-0.255193368560263,-0.184013219337105,0.37579208264696,-0.0125975536678051,-0.185256375536168,-1.08841738596373,1.4457131010375,1.31445404358216,-0.88645688192197,-0.518495735681971,0.864889188817843,1.85492841155814,-0.920710119643823,0.839056827174895,2.292842368935,1.14278201078633,0.288811834442591,0.484900100055828,-0.246497365289745,0.183690760121469,-0.066319704239639,0.734535683537063,-0.826798638607762,-0.391538267953543,0.65595904468438,0.653816656578956,-0.238001832558074,0.140109163042708,1.08641360060324,-0.207420292061054,0.296390676068603,-1.09094760741476,-0.867270413566848,0.254519865338573,-1.23571208426938,0.414431865188835,-0.119110154416274,-0.604878988112348
"11",-1.43128327810218,0.188287097495338,0.204067275575682,-2.71469952195026,0.298984403302829,0.641607253726053,-1.21992054580472,1.40421721941333,1.62264465807877,-2.18228795526252,-1.82171860241157,-0.784799045102098,-1.62513891852426,-1.17131392392509,1.13157049666523,-0.848469712025612,1.79096906167516,0.447428792648884,1.98904261441169,0.834442304330333,1.43229296531795,-0.898888098453685,-0.587328461311213,0.387715516256315,-0.0989678176352915,0.506451568725363,-0.352700378834348,-0.0202417896379191,-1.07525889879587,-0.223029292907697,0.821324664461284,-1.58651713622085,-0.445243503871493,1.34410782900745,-1.16960208243961,-1.04636301810052,-1.0109940182078,0.35556081253558,-0.959263452453152,-1.2953043370252,-0.806759025685933,-0.837797654926749,0.589051827520636,1.38081360673945,0.80158358262195,0.574257107556024,0.976757577040086,0.605622261977044,-0.801861787618842,0.811969787287766,-1.12879329607572,-0.598139948589801,1.64219162369259,0.153835820108773,-2.42230128892586,-1.28259673284588,0.810426731737057,-0.957234033388544,-1.09521018233935,-0.398830143026302
"12",0.732648993182998,0.17600915157102,0.457696425338959,0.620906264776306,0.152478631136193,-0.52405035543483,0.320608081009661,-0.336148949101638,0.618465440698965,1.8679632496009,-1.16490204761632,-1.02068961473941,-0.800239809995773,1.19117795352381,0.646239036939532,-0.00432317813005647,1.34244451887818,0.674220561955687,0.295657591547034,1.54940241703584,-1.80552600290155,0.496564123919835,0.426985406949281,1.28209127493108,-0.173772675692525,-0.686882410646157,0.381975982668292,-0.463652750608027,0.18931924008396,-0.30812260757397,0.574730601827449,-1.12339627555829,2.08898306735883,-0.98388825109935,-1.1595176754896,0.325929873144747,-0.71205233212502,-0.900068376011661,0.912857222020889,0.673557796002548,0.135439136264778,-0.843643677132351,-1.53766018737739,0.462230835841814,0.223007186371804,-0.672573344478934,-0.318106818523425,1.16371989743487,-0.520567873565701,-1.54416681177722,-0.152857888272809,0.569170271027329,1.43469115533927,0.229037774106075,-0.0200950501594186,1.28029151636185,-2.17213616632417,-1.26043449461645,0.651348115894021,-0.811588712718208
"13",-0.751949439315371,-1.24348483802882,-1.23394909622892,0.474137577627924,-0.435593906983361,0.52318322295191,1.16595315390436,2.18598695096182,1.10138382632176,-2.33782603239924,-0.164342425299916,-0.836500573028942,0.691896469388125,0.585566083357632,0.427758114082777,1.90808855909984,1.68984486759953,0.501505129273267,-1.35288317741684,0.747269054808236,1.07538514198197,0.452036678121582,-0.0493258465491881,-0.255014874478531,-1.32090093039077,0.346290484563393,0.41514501274509,-0.397314048699904,-0.326893321156682,-0.494213105546945,0.962902436364982,-1.43600381678797,0.212052554030407,0.28667097220893,0.231820771535453,-0.192549647639187,-0.18811679708433,-0.259743333148746,1.40144474129069,-1.39871887020788,-0.852678967967302,1.5870179197683,-0.269228867813207,0.102460787844901,0.72026427050896,1.50752265698636,-0.344618395411645,-0.0933791656881192,-1.9181997411954,0.730177081015887,0.0547047207968819,-0.730034251350672,1.59816594739905,-2.00777558912545,-0.746045272651245,0.241681974439011,0.676383677828241,-0.681331940404437,1.45066989921302,-1.35347165755572
"14",1.14105837064639,0.42810994885028,-0.300095215643012,-0.321661321574825,0.217940379275279,0.936863823607887,0.237751274109488,0.659074387991942,-0.500679882654515,1.09655951102379,-0.522787386164937,-1.14584345537596,-1.45586152513593,-0.236984424917092,1.57558685364097,0.836425324448502,1.68662148844843,0.162099814921281,-1.90743268018358,-1.19663817133394,-0.556037132420644,-0.97295278595475,-0.327331842840734,1.26355281089853,0.293831670840881,-1.80629201861425,-0.343935294834333,0.274776913595267,1.24318589488085,1.88991477538553,1.52188211897958,-0.929767658503522,0.0850389476464016,-1.57602721611842,-1.05473984224026,0.620818151629128,0.195442728185467,1.05240449068542,0.474277517376934,0.656271078202392,-0.458402046984814,-0.145040850577447,-1.21621722324114,-0.486865523489749,-0.637247070275982,-0.341417774379657,0.384336540741155,0.528615339442325,-0.668168195933,0.141973848634195,-2.47949263037598,-1.40922547224498,-0.00226695266186148,-0.00974863668882562,-1.11985276654044,-1.18269926468249,0.647777637942977,-0.551739176004417,-0.995961973098175,1.7685956391474
"15",-1.24068343657297,1.30349840902221,1.35295691872492,-0.529181425440841,-1.4363240867995,-1.17918430505025,-0.126225417042212,-0.430892462351277,0.614490991899493,-0.00256538020303919,-1.54728106866817,-0.512443534620195,0.792298028478637,-1.38505581757425,-1.17019818781521,0.488856552169189,0.0407878668975994,0.312613497212523,-0.990270675661125,0.538677822788306,-0.299410941318677,0.304794216486446,0.541979137700616,1.09438016616274,1.83090245593012,1.15150574735629,-0.337255057957676,-0.722697547842165,-0.150891326052426,-0.275989687721347,-0.101623208987596,-1.72309432990762,-1.42377549523645,-0.141082285209595,-1.73523931329974,-0.252973470647028,-0.273687685092707,-0.540032272973692,0.539736339644684,-2.06253137705179,0.89940777071478,-1.98161388354586,0.445195449761281,-0.603737655288808,0.104047298497767,0.12260116862807,-1.74291853921092,0.117656930234399,-1.03558153868907,1.23997157845832,-0.0328136018313364,-1.13779166481906,0.660612122662636,0.202335864178028,-1.00639404887301,0.0330940344858115,1.88133220246795,-0.970928965002722,1.4281777410003,-0.0553265763301014
"16",0.287401827991651,-0.707305309195375,0.464218741739045,2.83982441318544,0.66980219161221,-0.47204960550713,-1.12222676610428,1.39694752256464,-0.308121488961922,0.992264881519874,0.47966376486618,-0.241999484331871,0.963681400881583,2.33021755007944,1.44336999160286,-1.45246023335219,-1.46132862207913,0.910269067064989,0.93943421892744,-0.721464508759377,0.784834105140899,-0.312125058847886,-0.462707621490894,0.00792243256671184,-1.10446771889132,0.418256403655536,0.483929608748527,0.0708637017735744,0.282860559151478,1.1676551981872,-0.188629863688891,-0.148653181842964,-0.541203451339726,0.956593467136721,0.023752650931809,0.962924375740012,-0.0488040822715902,-0.606550773244087,-0.00513699818649981,-0.0987685824848678,-1.75479646792438,-0.748142222394388,-0.588946204747616,0.382654955510285,-1.94956604898122,0.480407406219428,1.23697122030712,-0.100437652367517,0.477795117198574,-0.350164100814535,-0.260742952178332,1.1165017368594,0.725284277971423,-1.31060140295394,-0.741871763658428,0.198030500463202,-0.560283548113728,-0.150746286652939,0.131787397857443,-1.40203650518685
"17",0.339650460207826,0.681144839875139,1.88417864213554,-0.824079237580581,-0.146022395521238,1.65737163349616,0.401033024611943,-2.66447298792832,-0.202859515513712,-0.590226035848871,-0.750965446654151,1.9620267948171,1.41059772372349,2.38549442630453,0.253008813884862,-0.0753806073363778,-0.268761885451491,1.15622535828207,1.35397308173621,-0.306254286538209,0.275744787163692,-0.147879059418621,-0.745506850648072,-0.50435763461922,0.279963266662482,1.28655512865363,0.451145791938295,0.0673138993108793,-1.10532948695019,1.08024058629243,-0.856902921590136,-0.553178821855309,0.598672185798896,-0.451534650224578,2.20635834064697,1.04310674861118,-0.0555023333774019,1.19873923788314,-0.105562671679431,0.490107287041068,-1.45182747713533,-0.650395329605918,-0.476862745867729,-2.4607475795297,0.0863462592790837,0.827769096508669,-1.34478534532856,-0.130759116417596,-1.0790989411588,0.463148764880194,-1.97509900490892,0.507675363536741,1.56506432297129,-0.260194190865316,0.456246407551332,-0.199186910222754,-1.68925840347874,-0.210526061430763,2.44030948583579,1.14151545305563
"18",-0.298020309956136,1.54516685673347,0.42707288650985,0.928850389794519,-0.70987710881258,-0.426591185072271,0.39947549817941,0.182718335946753,0.0670582194977101,0.834270819714,-0.731584889306567,-1.68839868514687,-0.257846473922303,-1.80910366849925,1.18628148307157,2.78831929838721,2.20514698660887,0.144805922591719,1.2946287262034,1.49278670141791,-2.25297810063715,-0.520336388321822,0.825180300050405,0.359777550724677,0.142414146747512,0.0833605659743201,1.15424105590398,-1.79963077186851,-0.699609666942938,-0.375021163258266,1.34730597725893,-2.91267957902114,-0.541497759117921,-0.814470404810724,0.28790937142887,1.61126286188169,0.254332450605773,0.767482629344741,0.377134397783083,-1.00263550080832,0.30910509923739,-0.346738432544658,1.18877059255188,-0.372612836821541,-0.638828259879552,1.55626641049864,0.197936221284286,-0.0926447089594191,0.789389243488271,-1.26013253103686,-1.21815517006162,0.430885452651248,-0.0256041477526277,0.859533611760167,0.886790301136108,0.360594393718651,0.467782434886228,-2.06229794274977,0.416564620375226,0.733110297191913
"19",-1.71410128701288,0.608264927633038,0.659955401477711,-0.161481267989744,1.23121238112394,0.080550947595488,-0.722639284545344,0.822518773542055,-0.402244527899692,1.56968582513573,0.262078711386631,1.36992728365981,-1.18864381295804,1.20814682204754,-0.505753427007503,-0.240697334179323,1.08243702998262,0.12383602073815,-0.788083209582907,1.19517781482819,-0.664121290954279,0.133447902732823,3.24160971778458,0.603173075694756,-1.26649768048412,0.627988465346296,0.373607487874255,-0.305118405153821,-0.167390681680659,0.424077462454081,0.494988957684441,-0.502901796253249,0.0375803407002894,-0.466685994048235,-0.845730798122043,0.81224883918016,-0.712948037087026,1.48422332336065,-0.53392524898697,-0.686603057477512,1.16284092607011,1.54132750514364,0.673821736517524,-2.74224293743241,-1.92761825347132,0.692296050759516,0.0705838277996094,-0.269020611131428,0.542631784469508,-0.301456135559535,0.0348092912166154,-0.219875760446608,-0.945004827876394,0.951713252490316,0.133830390377462,0.270179556113752,0.177124960810512,1.82223665201512,1.22675484916474,-0.269755940529189
"20",-1.71086290661687,0.0186618899343815,0.0633942910172228,-1.61059583342901,-0.411909564703963,-0.489656832270907,0.758230337018646,-1.21665038577764,0.107771127052492,0.028940279593302,-1.84411222967242,2.21919436342371,0.21310678130809,-0.883809325533234,-0.321818866607629,-0.892942318750826,-1.46036245884607,-0.492623360618701,0.732214486431691,-0.0209045605485884,1.07139126074578,-0.473810202893911,0.0388529902413487,0.105643980087458,-0.436913479874377,-1.12172895544089,0.616117854078043,-0.494565479229948,-0.0377684128927821,0.370036728669545,0.541391609710597,0.409189366133142,2.31284966099719,-0.157965555911475,-0.223299582592329,-0.813326040760611,-0.219068474437664,-0.782342927203213,0.82013701803856,0.875034104676904,-0.117519942053108,1.14741569494303,0.263429288121962,-1.47337560874004,0.0360329648306175,-0.882159287089488,-2.15869860968692,-1.10801903419252,-0.0112168146564333,1.42181455577342,1.78619590969529,0.217776882288423,1.94700598752186,-1.12065738159378,0.499061805192267,-0.265633563130487,-1.97931828925657,0.849439003230975,0.182279729003665,0.226892496055221
"21",-0.0446374789000571,0.428479197830414,-1.04128009972047,1.59941201754715,1.95429032930434,0.729366075443902,1.82982160458115,-0.0930766386545201,0.638053047770408,0.561367594947785,0.372753801341924,-1.12056056610414,0.296384345576847,-0.0869022772576332,-0.92627974887466,0.385051368661941,0.528329514262147,0.165678979245849,-0.742271376596803,-0.344826182603895,-0.996553820962105,0.760743043194103,0.0185191297667126,-2.43737644961574,-0.287371360728599,0.228812701408093,1.16227311206249,-0.231561186001427,-1.28345219599917,-0.0980587294465324,-0.241016741005927,-1.28999251465265,0.986007083926076,0.0324298300284789,-1.01968968460952,-1.08311587910677,-0.105696765022669,0.807869420588611,-1.34539445544466,0.579173831787794,0.734391332287862,1.35406635226751,1.27742972104162,0.803116589927576,1.47925764045206,1.00635719615372,0.0442926240041991,-1.21432791706726,-0.634788142782484,-1.50143072347907,2.45967715599393,-0.63812477524692,-0.706654543092843,-0.264566541694633,0.383025422477404,-1.91923855033876,-1.5135412102389,0.513480775664634,-0.693268855714739,0.0380134759151101
"22",1.53993923153391,0.646903876112396,1.39244805610853,-1.2203756210135,-0.760777738492574,0.244275592096773,2.26635128860539,0.318117401958925,1.39933795971446,-1.37271678012076,1.22477701937625,0.69597481946736,-0.872531598864152,-0.461311789019278,-0.308066699122837,-0.865227940395687,-0.185958624832959,2.58117616882806,-0.00969410196438459,-1.01890970065128,-0.3002147236502,0.287324925301805,1.28783410743526,-1.3610723014507,1.43806134623842,-0.102678209022824,-1.6899661185735,-0.135113772868496,-1.12909224634787,-0.497571747756042,-0.28037618301704,-0.16895196797081,-0.0649062267382064,-0.264384403781406,-0.047189812048092,-1.99156459174752,0.109889372445948,-0.89719528040797,0.014884428927441,0.995861542391233,0.171199736602747,-1.36944367986348,-0.860444676465688,0.576482295258732,0.138456408146424,-1.54656374638267,-1.11328427517214,0.523429333049815,2.26069825655454,1.6896019571804,-1.72501946847306,-0.528399216946487,-0.429131464067485,2.04637005156539,-1.89118657139407,0.208422300853377,-1.91874170836488,-0.0955492340058337,1.26700924403957,0.698875880672943
"23",-1.13487444542838,-0.170900298681779,-0.09917585713331,-0.513289798957586,-1.32265073548177,-0.822716993511756,1.01048622588061,0.604761375517722,0.0537127392484053,-0.0604365021213265,1.75526741314907,0.981285073807438,-0.699938269681636,0.296311112461222,-0.197717696082112,0.210380698897304,0.348370806463088,0.22520071129644,3.91227068417826,0.123927547736452,0.388240553952681,-0.0111182801202121,-0.578093188466925,-0.0641366572352465,0.241004191599013,0.101856982718382,0.0981627321360316,-0.142430638231409,0.960091666339866,-1.10505208781796,0.775435966019293,-0.71722125269806,1.27070188254759,0.337816540524255,-0.490427211791949,-1.62838601901142,1.9287746683503,-0.275672255125344,-1.64401222664788,0.612902170867278,-1.76669762691145,0.49642850767546,-0.0191419218654402,0.281422402914514,-0.907120342576487,-0.432654031892012,-0.117823763348669,0.275488175864578,-0.304484240238791,-0.0216191810073726,0.569834379909516,0.743822435489215,1.24553967578565,-0.128939223300618,1.15165589801154,-0.660795965681867,0.00701517827943899,-0.24002613995369,-0.214048997254706,0.216792050915651
"24",0.512462613090458,0.498824670772442,1.41725565141332,-0.114359495742714,-1.4725903439689,-1.65832317583567,1.29349214748886,-1.21867537028492,0.513868013945755,0.125312260176341,-0.61636986442805,0.496821642155091,0.982707026688182,2.0038641401241,-0.551592720176923,-0.884989353394451,0.250556974315978,-0.8750036465416,-0.9372377487561,0.611101354945395,-0.222717555980194,-0.760831374421783,2.34790074906674,-0.878584760824146,1.67675883087299,-0.181292983105294,0.49312058106174,0.477121544371567,-0.331789574254574,-0.288359718002804,-0.927586192370409,-0.645074466884192,0.61141017053901,-1.39677168732665,-0.0140334947278436,1.54966683967633,0.234826911472905,-0.095575224370511,-0.245890126282472,1.07189977190122,0.89802345701226,1.07310575722577,0.437232368828839,0.429769316394691,-0.443549185183431,-0.315936646262694,-0.678964160878965,-1.87620341188264,0.784963829690566,-0.0285894171468421,0.593059827082434,0.0799861048613617,-0.0803559682111424,-1.35246383508023,0.334471601335277,-1.20639540185604,-1.29397568096497,-0.847154845287253,-0.923392369788341,-0.818545817168802
"25",-0.930017262381572,-0.45116982027632,-0.337646848393497,0.770936735910873,0.054491632003422,1.84967439056999,1.72761651823966,-0.401344504156628,0.424298155335112,0.478107111248964,1.90987916988303,-0.145583191440792,1.80224784923986,0.180171064060908,0.508695011694513,-0.332096191464184,-1.4260212750886,-0.448943642352293,-0.573206428324656,0.330186222812033,1.00810606928917,0.346054244584044,0.767632899181348,0.657809483113409,-0.62105885463257,0.298406847186905,0.83330655935648,1.25452129654822,1.18830944918346,-1.24746316146877,-0.522651668222784,-0.250318943194056,1.15402024785135,0.440284504073099,-0.364197009137644,-1.40880689586403,-0.983628200480823,-0.782975655899204,-0.768505819409287,-2.60248892490176,-0.149678855372846,1.24073792002604,-0.590555081209004,-1.01722628334133,0.0848710963536134,-1.31622826569468,-0.337492661135142,1.13445371045491,-0.256791808510369,1.63529689052222,-0.49525249277078,1.25004571858296,0.382916555716649,-1.92797742837891,0.919120038208783,0.797199604959733,1.39614008299378,-0.569235999794932,1.32141616499546,-0.0054448533571212
"26",-1.84377012921476,-0.160318055470528,-0.0415218186232449,1.36306688343415,0.453385328437767,-0.222472099661592,-0.929315288058326,-0.374283252473529,1.55873533302272,0.798121432411837,0.633850056339519,0.120443118897333,-0.763478911176042,-0.318612711110299,0.327479943697462,1.60348234962818,-0.47352160782627,-0.863220679303865,0.255542199880211,0.877875518815963,0.212267643371432,-0.069143264665869,0.682229313121406,1.15282982749766,-0.243757909559448,0.265916084485447,-1.59908664834555,-0.36766258912729,-1.53612133333221,0.0784971223884772,-0.592373963534365,-1.67349013557421,-1.52925282689618,1.54917038650516,0.109326266177579,0.65198212754767,-0.946275662719596,-0.645403645023404,1.71764246589966,1.25791256715781,-0.565879942170571,-1.33804654700869,-0.400900615331644,-0.538011908698196,1.05225162902153,0.35756549053331,-0.573165055483067,-0.540907247839381,1.77902065019933,1.36391486771606,0.5943049488629,-2.80015595023482,-0.211061342301873,-0.71524186772803,-0.019220894277169,1.84384245065297,0.555773692669445,0.686956755863835,1.09505794300562,-0.0224759520965568
"27",2.14666190650886,-0.660225314680467,-0.211720541550769,-0.539768225677579,0.46917914939396,2.17460725932953,-0.238224265115463,-1.11380386203187,-0.0714767402946271,-0.501861027757769,-0.577899020284273,-0.67285691092209,1.10426965253772,0.415991519489372,-0.483987802584693,-0.690495187342071,0.506070687284184,0.276252198590758,0.618662328295377,0.124943452125188,0.896214719029114,0.516747504253339,0.556135727431077,1.11919966915749,-0.81444284433241,-0.077799495159104,-1.9183909441613,0.916941923951075,-0.571016805159121,-0.0163269664078676,0.25775340741362,0.198755855058275,-0.77360679813695,1.35480666131567,-1.49166510922617,-0.201612897816326,-0.0340659213662442,-0.734029314536652,-0.750273073802701,0.549408733374815,-0.864384031302539,-0.00886119437206781,1.43246639924959,-0.370406307637311,0.156952472433051,-0.361291361504854,-0.208511820672164,-1.23015627594639,0.154236651873805,0.140250316954071,0.122176233446294,0.138796930029764,0.190013500599764,0.222645223363641,-0.636900820748456,0.74327789844761,-0.986276335151757,1.38048426604146,2.86968458246209,-0.98260109338336
"28",1.63986503525059,0.0755211619583529,-0.0973857149181327,-1.23285368752383,-1.11259095044326,-0.529016160631152,0.780052198538541,0.332411844526601,-0.271840826359966,2.30852274665349,0.389616841397784,-1.03621026911568,0.365211497304761,0.94099254680713,-0.703118748619159,0.57901125321914,1.2206728255515,-0.487011528157218,-0.484384487073742,-0.25795372302244,-0.212202176347616,1.04911919388409,-0.260340693771879,-0.38213994377815,1.29915374617845,-0.13978207229874,-0.38508273055983,0.183031519570816,0.221414283968955,1.10418726488535,2.58284912867225,1.07283103038574,1.58371848163061,-0.214868506386645,-0.913510826766078,-0.0361245441967378,0.440048392517678,-0.792716991565849,-0.268814714708858,-0.0720191984476138,0.174291536851275,-0.200740947912279,-1.02594698667707,1.70349819582754,-0.363707600368776,0.317885172328244,-0.721451610367197,0.11179377778916,1.46351244307298,-0.0868132732286854,1.15958069689447,1.04099720575231,-0.500583388692772,-2.13080486975504,0.229732777032498,2.24325876511611,1.01976065746667,-1.19585242175594,0.824505834028715,0.482732697057909
"29",-0.104503397529666,0.166381125424717,-0.160790959597551,-0.707202943959981,0.539477015671007,-0.261247196324057,-0.9539285729114,-1.25427738106071,1.29797902990798,0.439378380570751,-1.10310550245375,-0.472705139539956,-0.0864166914287471,0.755251491626952,-0.519399701752707,-0.479855252031884,0.509593282283872,-0.465992079703603,-0.492589836164175,0.108048810506235,-1.48508985702445,-0.114513134176474,-2.05912680467658,1.75675450345213,-0.782742371801872,-0.535463510638482,-2.33678559963697,1.40992903509215,0.0997821626550489,-0.371229363160207,1.98950885117417,-0.0822279338463825,0.958917651967927,0.937929101401422,-1.19008735280265,-1.3502981890577,-0.649023743135787,0.164016546534354,1.13211439324914,1.01417981133291,0.214620296622897,-0.181155545356626,-0.727688956518042,-0.273127199237962,1.0576263677334,-0.236655915938461,0.666453201010701,0.706061118177389,-0.458506393236595,-1.10376986562245,0.429681575968341,-2.05647717500473,1.0854570550599,-0.798870918346201,0.594044065858593,-1.0691533589375,-0.870548968069922,-0.669009372881646,-0.0608141503816034,-0.0540689431193574
"30",-0.239037956894419,1.76273674148845,0.310342980454057,-1.49997109886423,0.159964488193584,1.85751914722191,-1.58474357162917,-0.664913452069071,0.90670598512567,-0.832704142780913,-0.308455018837842,1.39280988161891,1.75293057839419,-0.0444850724982443,-0.167101848867952,-0.153570964350193,-1.17330400008119,-0.0105363096978485,0.451797166198465,-1.30237213825581,0.0474196059632188,-1.34427040087134,-1.24154455579256,1.26407855412886,1.32002259483059,-0.766597102920411,0.261965959139041,-0.22553532345678,0.730513011955255,-0.900113264439974,-0.343582495616548,1.44597381990262,0.547314866431245,-1.43530102064647,1.45295131811581,-1.19071103797876,0.888938661326874,-0.684592450135932,0.869961706130488,0.613860679382031,0.237156929960264,0.919922265471424,-0.305262649154569,1.03786031611041,0.527870511336752,0.0563090098775431,-0.551397592582172,0.382021205351448,-0.137974654797586,0.226509980194413,0.196115820849603,-0.692408065860444,1.93671729064785,1.19724152839818,-0.549330208744673,0.139562653894315,0.469604213743078,0.561761454393595,-0.763566634498732,1.41777392564915
"31",-1.05653467858762,0.374115981671922,2.21687383362555,-1.63192150395619,0.275566201492533,1.1331648275822,0.978598082335413,0.228063064285174,0.693663981075254,0.199642791133924,2.06595685946601,-1.19556759756511,1.15259502444364,0.906912459531726,0.00452579678226563,-0.0120744041136431,1.37085405248045,-0.050102305520418,-0.214482028358361,-1.3806656439704,-0.608714091628951,0.0429827649981562,0.401617328075432,0.092862084424806,-0.434908782719823,0.351229473726343,-1.09486779350208,1.93063766614467,0.96706437738249,0.872759384123269,0.649966780060491,1.98819158615847,1.27992842146862,0.619505610747369,-1.58891077227542,-1.4222035261768,-1.03508633004318,-0.472511787226907,-0.349357954041052,-0.32146401596648,0.462713717196539,1.4416954994898,-1.70784220285503,0.410435776626273,1.12495646301195,-0.276732286626323,0.079638800033419,-0.431916145033268,0.322089715083627,0.984408035303626,-0.0453370893751278,0.647600522987556,1.50986268801389,-0.820915629404223,-1.57664561345042,-0.483580391431082,-1.58527733463712,0.374479208118412,-1.04560746172963,-0.925622326548574
"32",-0.149778756683506,0.368084449946853,-0.888894252243824,-0.125167029377672,-0.724246146272077,2.39812730996694,-0.35399898968067,0.424280152110544,1.50007491893004,-1.40541725926797,0.15958766439596,-0.662533461835868,0.553693917821463,-1.16602731975013,0.189902654348691,0.913860989157937,-0.927975487680032,1.05548890081367,0.256960553471586,-0.171845740586876,0.842703908161858,-0.508765181773945,0.490416901535723,-1.19621217562398,0.94853442187428,1.48989832899751,-0.48850985188479,-1.02236201893669,0.230065182555403,1.0554463397269,0.0870992228772534,0.500141556997766,-1.55478557175332,1.08411104291985,-0.912904693399594,-0.456369407239169,-0.925323457510643,-0.746840544651418,-0.848611664035321,0.101436073927409,0.922152258217868,0.222253081099011,-0.0439245066209338,0.511315424052095,-0.530644500259747,-1.52366802281625,-0.838401023986147,0.353419492241689,-0.462506830035781,-0.0616943268409943,-0.592059759909303,-0.116274291099402,0.457396494306533,0.878438885739725,0.0804185581499992,0.307673388398111,1.78667103013509,-1.69229572984159,-0.463716962925884,-0.00590793916487372
"33",1.30583769156314,-1.03150927473849,-1.3110666258356,-2.07422061463127,0.228086060305273,1.86573546002508,0.639043427596278,0.374507420888191,0.253822726021767,0.197788115348815,1.49102908042499,1.7692980764495,-0.527234201670664,1.96217308197685,0.246233499842144,-1.64662965934608,-0.196539158207073,-2.53812938000588,-0.503175939951738,0.575933760597847,0.568862709746216,-0.122805558453741,0.310248550642112,-1.10239268685789,-0.78493825843614,-2.25533800825339,0.373836821435909,0.260184839127034,1.35642286967162,-0.672007515605312,-0.940467223057046,-0.984611402218709,0.169688379898482,0.740541662905624,-0.0993491037981128,0.826496185884996,-1.5392833585416,0.0129694032655038,-2.37182868909217,0.0183999117473244,1.05647840421377,-0.92456180860886,0.864573602760898,-1.05610464819427,-0.53953497103695,0.960107582783001,-2.06716484969693,-0.111058374609524,0.23588341646458,-0.908156712261312,-0.337338131000996,-0.137639099295882,-0.938146752352658,-0.990808817819424,-1.91112140356844,-0.852684081170112,-0.309932992750286,-1.25454073095157,-0.605117231626341,0.206918297640022
"34",-0.755636394233685,0.316817686776507,-0.0536312969689833,0.865994990563053,1.49822885153139,-0.0497898095802856,-0.0441691530864861,-1.2263589637306,-1.04009125385003,0.680969972467416,-1.08866145006989,-0.137676997828737,0.256390909624775,-0.293979031142787,0.0835746345493087,0.260447217458669,-0.699101259271157,0.804000935203658,0.494012685608131,0.341761550789794,0.359201762817851,-0.225311824905271,-1.06730138389611,-2.22600999516374,-1.22519849142537,-0.436783485260288,-0.993261599701779,-1.62910746352962,0.138877033427374,0.859875678931482,1.61902991546223,0.745796957369013,0.0853656078552596,0.251055797882909,0.635864841059338,-0.551120705442995,0.814189697231836,0.402058123302413,-0.305071364327745,1.72386283180723,-0.95884834053278,0.43815246718334,-0.27656479153978,-1.45049647077453,-1.19576393048681,-1.14970973506266,-1.88712086706173,-1.20115493073585,-1.51129383577932,-0.0480259585200799,-0.442372579990911,-0.638163424790507,-1.55197810683187,-0.409499169190654,0.808942628641223,-1.28047294245801,-0.719971098499473,2.84240919506258,-0.114486631313352,-0.00620715191616446
"35",0.167423697609289,2.33942073725995,0.662584152365208,-0.837038069676103,0.306820674941729,1.38470504560871,-1.03349673141957,-1.08774712387097,1.55482750799927,1.48013708535866,0.583388668021326,-0.735516107395923,-2.05183700408322,-0.57906882938294,-1.79631362889269,0.695572224744472,-0.292149338438897,-0.874245946963727,1.44739749015115,-1.21446888697461,0.583673971272824,-1.33246089321437,-0.401106418983709,-0.48614620639128,-0.0341851136943208,-0.554244534257263,-1.28024596277811,-0.52189027521535,-1.24902810259421,-0.305645945040096,0.470467845076955,0.724974047212303,-0.731472409172078,-0.907246810097444,2.18680620827309,1.04738171138696,0.126364402513341,0.00404922865224073,-0.541033662953277,-0.571928454115689,1.80763483473421,-0.14879160121139,-1.52254649655709,1.84110684857828,1.33514454019117,-1.48272298944615,0.0952142678384468,-1.2324220277497,0.403622140432553,-0.750560629045453,-0.613937779064908,2.01174627665581,-0.601714692212968,1.128255734104,0.407584108892537,0.137711312679159,1.23391919916479,-1.25914207931731,-1.21042517563321,0.568471370995489
"36",-0.821268597638988,0.191939239967885,1.41660867066015,1.17397506197885,1.39861244955577,-0.713360904017294,0.666691729642484,-0.598227739619147,0.0411075130828498,0.69400465972153,-1.03456725662236,-0.0939921745393891,-0.616794462593311,1.7064149045095,-0.162637317202108,1.61721076525022,-0.219119805583071,0.0785717159864955,0.0296537056497921,-0.487656590536074,-0.745550903970302,0.0559946900855444,-0.245163192898877,1.75224454578127,-1.77300422962918,-0.535756755312334,-0.648674226995877,0.866561471785635,0.198325684910753,0.653052863219301,-0.801892807252797,-0.201753817658084,0.73767405806096,-0.0697683992235446,-1.72980641389667,0.34276847644739,-0.577353975006127,0.824526007328924,1.06551399958454,0.505957980109277,-1.34506522473721,0.431151864992417,0.859345492786045,0.694781282209032,-0.917827564645085,-1.38019896400656,-0.196010359480711,1.21400915908254,0.0538890438285121,0.556817381299309,-1.48784829074402,-0.638486754000104,-0.299183018210063,-0.629474784068345,-1.89527794116005,-0.456652048132454,-0.295142470287509,-0.841660899369064,-0.482150511041642,-0.849782460537081
"37",-0.545129573270936,-0.101945711777585,-0.60533892580351,0.0798710044438961,0.963286949281657,-0.513087338946741,2.74446974257617,-0.197119633504566,1.88985041993683,-1.13249042061817,0.547923642253526,0.860647928828659,-0.680772083998518,1.15780690705459,0.423392367096089,-0.435751826261177,0.0558118414127774,1.8078883732181,-1.28459396991501,-0.242745495541491,0.542232297949479,0.353558291394881,-0.208025798368411,-0.361371733874187,-0.0640475951886319,-2.3419731252685,-0.50430848276699,1.93917557579201,-0.581478210042028,0.623896763117103,0.751984065639154,0.171261861126905,-0.407682181269162,0.290099823817345,0.913276314705491,-0.277712988522239,-0.828557137335722,0.873271564337431,1.26479367077286,0.821648684643282,-1.55326146937694,1.03553632083006,-1.62784133374799,-0.122660018736386,0.660949018443798,-0.795648193003461,-0.670337067948197,1.72570063032169,1.28119348205189,0.00346320434609365,-0.0244776659771585,0.0950720903081818,-0.161557645525417,0.138274213174625,1.60970521779151,1.4877420811839,-1.07082337790264,-0.601396705296038,-0.483488007257249,1.3732701699009
"38",0.573635017017836,-1.31818403912324,-0.612644804740124,0.803134436052245,1.71195367431869,0.460658067410707,0.31211912625265,-1.2858791212294,-0.046410551665955,0.354656902586181,1.20044402326612,-0.840548283965258,3.12163037671165,-0.0404143398095181,-1.17551268626797,2.06705291375214,0.424383103303388,1.12255097177107,-1.30843438497176,2.8147515094281,-0.201138559248098,0.159319213305267,0.204512111344503,-0.270075350123369,-2.44686638279112,-1.18022771462446,0.253454450087944,0.397894979533719,-0.47490428353593,0.670394960985289,0.571722663903973,0.327805389907595,-0.037641317130132,0.308654255402186,-1.16931653076723,-0.777230431155526,-0.518303515900671,0.140109430007426,0.194766614700612,2.47826813427486,-0.609123179295585,-0.116916719727332,1.27479332729587,-0.632027104128059,0.308767420121042,0.191277695599017,2.18799645241441,-0.453219697436199,-0.69048746566083,1.1320206556213,-0.276996955336187,0.145533106305559,0.574397981085006,0.331514948182355,-0.592814390980396,0.190535042792002,0.381648986264535,-0.906755448503572,-0.341677578017489,0.390303103823826
"39",-0.823135691345646,0.476112760411601,2.00359128739347,-1.79983478078093,-2.07707668078612,-0.670874742548802,-1.27707369545945,1.86413333603458,-0.411279500671807,-0.467454098750393,-1.78220461708154,-1.24107120540322,-0.720128493715111,-0.171684480058081,0.0410820883787659,1.03055519855718,-1.08839477895871,0.178388752363686,-1.31602691520339,0.710457657167568,0.263668853476341,1.60584359510847,1.17711430252425,0.863562088854243,-0.556765592190985,-0.809527269220218,-0.0755820140556112,0.522575428940687,1.09187905581741,-0.989898915236876,-1.43890741113533,-0.148722812987827,1.21655042465076,-0.109751194526933,-1.38529446409183,-1.66899555258958,-0.177695166655088,1.83302856337486,-2.31639030570469,-1.12533197637545,0.741047577128523,-0.54835828220577,-0.170718222558288,-0.889526686934552,-2.89048180793682,-1.28109844911207,0.56614527647496,-1.58832800438823,2.85781382105623,-0.113694591369346,-1.86195413463461,-0.509576398679925,0.578987326581764,1.58572903061411,-0.256524883570253,-0.43472974827359,0.824654635195043,-0.202476608864779,-0.759773326020185,0.649808241849305
"40",0.273767742774856,0.861803760670098,-0.0220236188428343,-0.957197933393633,-0.632715671190768,1.46711964822997,-1.19197944798597,-1.60277860904526,-2.18490553766389,0.560142450261306,-1.043057297851,1.25962785520315,-1.51500493729372,0.418713772479517,0.351473832187774,0.922347585701653,-1.51480170306358,-1.02016186499393,-0.343514807681612,0.503533489082113,0.978173309110044,1.73573881819767,-0.774639374391604,0.153810671261834,-0.391795954298725,-1.30115834339727,1.29019994201679,-0.113766764057465,0.092187304689197,0.583981683752449,-0.0267903564278952,-0.328504735883889,-0.373826155917299,-1.29066567093078,-0.489580454171975,-1.89487162451144,0.00450770055910456,0.70731822695471,-0.440698560621959,-0.951322602286141,-0.123779387717489,-1.67801549416932,-2.68918756574602,-0.800002596818036,1.12477287808362,0.359788830669144,0.257040580663535,-0.690112035821422,-0.135335830724015,0.234803992563533,-0.406682681880318,1.85689026649697,0.0393548670638114,0.30118696075571,-1.4665493231383,-1.28413435219154,0.32530359856684,-1.53724398876708,0.480003385990122,1.09841004141862
"41",0.529632320570328,0.416846839635518,-0.135649532282488,1.31027440958542,0.607869440230775,0.644706867772747,0.501224104153658,-2.14144826108221,0.477990018144431,-1.91375537511694,-0.0129066410514585,-0.735608454963324,-1.22541056770854,-1.33121524704947,1.22964377013578,-0.252571641686124,-1.27683536148961,-0.700446190090498,-1.21126698167116,0.94414810913545,-0.38011096582751,3.01958369308685,-0.924285227569247,-0.0144410353764131,-0.645372561370454,-1.1405950078303,1.97659688647631,0.648344414812584,1.25241669171883,-0.408722385060079,0.0175430029564206,0.513166413885519,-0.663165644632281,0.366974755522766,0.104174714820747,0.818720297164654,0.544569068988565,-1.36258564309868,-2.79844943683597,-1.35516892199888,-0.816369176701059,-0.19579690560677,-0.0880129614309724,-0.796472688794216,-0.919288779992313,-0.459693949695911,-0.916360022720381,1.15460658857752,-1.17430561448768,-1.43549975535409,-1.34857794948891,-2.29564992759602,0.640468371827089,0.0491339706038265,0.417264998147304,1.15471709043119,0.516014011444743,-2.27647922849227,0.7476734612256,-0.519078377868691
"42",0.533522965236149,-0.0854853772081431,0.335008148791532,-0.490439200542145,0.14601304375804,0.146882687423186,1.19964396417133,0.117171934138745,-0.911696158058364,-0.951933989727063,2.37854522857969,1.41415407277424,-1.16620612473096,0.449703215732735,-0.369200500595895,-1.01066805232964,0.596615800321306,0.00631638353467011,-0.446578341421344,0.345848452226681,0.998376226431152,0.518079103312304,-0.22993378577715,0.763702917479477,-1.55782539392668,1.51677299822394,-0.0176456594935591,0.181555749670149,3.19506975066094,0.0443633413887071,-1.47758124401239,1.21200161807488,-0.361675268134169,-0.454039538337508,-0.827638273566955,-0.80895548501781,0.144601358069286,-0.215384395453875,-0.380802489088074,0.432989454642686,1.1443384110456,-0.686886093968746,-0.783187193553082,1.43712142266706,-0.850098178725165,-1.38013079059063,0.376469579477804,-0.819537018611262,1.62124644245953,-0.399336640218851,-0.675389783379327,0.551509264341653,-0.187370890103462,0.546794312526253,-0.236417091189866,0.412535046752801,0.672519509734122,0.645297153962845,-0.368407145175762,-1.39855754262579
"43",-2.16398353945105,-0.92368989688517,-0.108292538631981,-2.81109905518151,-1.02324262802065,0.594538938071611,0.629224522932399,-0.183944995829307,0.300676767859814,1.46350277623892,0.975517203524322,-0.088745128602289,1.65315087630314,1.51037751536557,0.430816379823273,-0.886850208339663,-1.30252203992312,-1.92536235570382,0.842432593773416,0.430684250850556,-1.66736413411941,-0.447103938375043,-0.982400213581105,0.153862889106518,1.63137832211125,-1.05850976208986,1.91195232847529,0.820307127091758,0.609814410005535,0.640016820718335,0.742017229263231,0.642123872316364,-1.36714649178303,0.175206643922245,0.326709956914938,1.26669883294489,-0.311008710628083,-0.422898506061151,-0.535540211846152,-1.24893954484835,-1.34758425759906,0.468223898303234,-1.7852466883311,1.49350064884392,1.3406464308167,-0.838666008798757,-1.45728201347163,1.86594920945138,-0.523479177604447,-0.444275663640409,0.0510315954992993,-0.354179903711104,-0.935673456318654,-0.682485307494332,1.08831281272114,0.743355308023732,0.865242082040094,0.862668519800756,-0.245223178605609,0.546326436215716
"44",-0.769688255258076,-0.749482969533629,-0.879951272855445,0.936986667176911,-0.73480909952938,0.161967345484275,2.98916194393994,2.16446123769702,0.163579661591969,1.09802896789628,0.11860620470236,1.36594513740113,0.570693728555247,-0.1729747946489,0.117825080889253,0.347310129506448,-1.13255373943701,1.30076057331736,-0.76141603642689,1.22049301995338,-0.817267106157816,-0.094954280711347,-0.861424602903743,-0.196421726604721,-0.871606935643458,-0.315931922303718,-1.67533275351644,-0.263948704720831,0.910611926822615,0.405534460949307,-1.18777777603741,0.40807348689403,1.5305332615344,1.76681903598819,0.105758498383254,1.47121754576206,0.0126585307126068,-0.745386562181686,-0.769691372287203,0.652265088921072,-0.590339384196244,-0.137240191021577,0.695348899764681,0.648905146201024,1.27561975670042,-0.744969268815849,-1.44747456509934,0.370062215863324,0.163985494024687,2.18185940257783,-1.8847524488221,0.8209391623775,-0.0664493693063983,-1.995975098109,-1.36650297353002,0.0447485356138895,-1.3125582813444,1.2503577891747,-1.07612422764959,0.0534967671081986
"45",0.722078511286927,-1.24253498981081,-0.087454564280769,-0.286964118479309,-2.05077492508987,0.299521156307132,-0.410110039906699,0.784284224713157,1.35158905165014,-0.806742647998914,0.209312575431874,-1.00035263438168,0.434053080743471,-0.403124939749842,-0.395282942920061,-0.995848093552254,-2.00187682795,0.208279209816271,1.43365691530513,-0.106616392007464,-0.281684981684101,1.26803109070061,-1.38183848876273,-0.000735318036486349,-0.757316710360063,-1.14902587577685,-1.48885666248072,1.70230261311139,-0.639736721433654,1.31006625664016,0.358092632049606,-1.14206127883473,-1.38314806462856,-0.414148313853016,-1.9305728697853,0.638767071966291,-0.444814473077156,-0.468699878435199,-0.626768633820403,0.845032840883537,1.52770583517894,-1.01484916337075,-0.0248695731552108,1.04208503130142,-0.526013259557719,-0.53919745537931,-0.188956571928685,0.447080564482545,2.42975848536287,0.554691902435174,-0.349422351498574,-0.312152081210281,0.968749275878232,-0.217179884000782,0.398194516144494,0.887343992728225,-0.0632593826905332,0.109966658230174,0.91044769272067,0.425037621149843
"46",-0.899003001337755,-0.0789157541817634,-0.815115758963106,0.580227632642567,1.4693250623847,0.0551409766021431,-0.115496816460013,-0.499946738264646,-0.0633071579820676,0.208210689567456,1.14543094901257,3.62579331069913,-0.966238634385409,-1.29287778277862,2.25401578236969,-0.524636792069538,0.132719740699731,-0.429989370952385,0.0320958833212543,-1.50486157898384,-0.533265879841507,0.719073674151381,-0.613596804080158,-0.143485716365547,-0.464075366502492,0.917121486956486,0.720706958570665,0.54003716868885,-0.767008941360119,-0.729087630212967,1.4252215663316,-0.108281082840202,0.878371691979101,-1.02367918893851,0.213809456954439,0.379164270434745,1.7154179399821,0.503003422707105,0.922512128426523,-0.352372195921008,1.12060720940349,0.132792821722286,1.13744549360178,0.685946114863348,0.610041969861999,1.56835668591033,-1.32280441864138,0.470708310118152,-0.298219314629779,0.93048604239451,0.832585579947846,0.380073077277689,0.479768441964985,0.221752793847369,1.53039261866252,-0.481538415172682,0.721234815907784,-0.288107951721948,0.152991926761135,-0.568935572817672
"47",0.153402534204549,-0.216879486853897,-0.794611179538361,0.241742254726271,0.569219238181742,0.672806130302998,-0.992353910873473,-0.793281059726173,-1.42800606760026,-0.0032914423693965,-0.014336447208892,1.6516838739278,-2.15768019568427,0.139655611795357,-0.400869422461753,0.279297026146753,0.781818813981335,0.938946546325266,1.3121391270509,-0.847130678418047,1.11023210116198,0.751737402250422,0.599657636775799,-0.901357314068852,-0.74038879848059,-0.591818254819454,-0.951665887435872,1.71756166387191,0.417758822707104,-0.0353328476335633,1.26308716171484,-2.19860651770492,-0.173781304427691,-1.62458041320296,-0.0494645391015994,-0.690603283142801,3.32686273601937,-1.71807844293814,-0.542049521899719,0.287883438568327,0.76417035972239,-0.915904998518498,-0.860783249650769,1.33609903522103,-0.328662455847494,0.160120218435729,1.89337419557065,0.548519787020048,0.0602508253195356,0.189849098694248,-0.615621630924194,0.70442601289961,1.63400733544948,1.89158096493653,-0.221611453018635,-0.88467790019503,0.772969001978048,-1.63420194185139,1.44550295447056,2.10246068109362
"48",0.981777280799459,-0.278955604863401,1.66388626002999,-1.52293771575706,-0.142022829878832,-0.96760043762574,-0.191903752342821,-1.68137920569152,-0.196589566045994,-0.4800460976766,-0.00646426068720057,-0.350740370430579,-0.283275139762432,0.67555370522841,-0.897832580041777,-0.795216529050611,-0.211408569142228,2.12234304272482,-0.692870749207998,0.562719189002155,1.73692312825744,0.663367547910176,0.703808389995365,0.0450126462305881,1.37396245115556,-1.23517121724112,0.247406498110245,-0.735922486951122,-0.150557416460091,-0.747223174141403,0.653570252490651,0.475816446736532,-0.652349008093173,-1.25080161664631,-0.136390535245396,1.90040561534449,-1.9434657784842,1.16314320449143,0.518464883032672,0.75111514422443,-1.36580397437988,1.69634400908944,-0.150145055047497,-0.0832918039594968,1.55426860683757,0.0308274219333029,-0.963520083434727,0.417907940073618,0.8941810760796,-0.738842242755027,1.90708056166202,0.601146585852797,1.41144025170683,0.35055483138911,-1.1084159403707,-0.415413498968529,0.277933601088605,-0.453208824403832,-1.47981473822337,0.937271958284892
"49",-0.202969121970593,-1.14487411258743,1.34362317470441,-1.76877687310738,-0.567363896323145,-0.210573264399787,0.164584420685122,-0.364581936940425,-0.363771831419791,1.1827868267334,1.31438941171039,0.303585392218961,1.58252498174317,-1.01949286393519,-0.247741269963765,-0.00263299097768688,-0.492396582286967,1.00540433725123,2.15939541989572,-0.0520333403647022,0.626375777539794,1.85788546910968,-1.04906858592526,-1.04602636191837,-0.620744481696028,-0.460096483691556,-0.160952922555283,-0.0271775574278876,1.82538683328206,0.179364458293647,-0.172010052909812,0.58983764213406,-0.297779857123019,0.997719643625462,-0.0497970119651071,1.83414676128046,-1.73449282870593,1.08378384651259,-0.433144669703118,0.147453406042081,-0.705695010394643,-0.038831029062199,0.394791554453634,-0.525639126133182,-1.18674685308054,1.71223934952965,-0.617873568162904,0.261463655580979,0.145413004062991,-1.08605810571269,-2.04896456116837,-1.62934786519213,-2.00518614027422,0.778679269850814,0.522590873140913,0.141126830424688,0.0757144476358163,-0.395982951030528,0.529879109185881,-0.250515041149345
"50",-0.187672854492501,2.05496595506978,0.473531647828964,-0.31408526080841,-0.673561738802487,-0.3947194025979,1.42967669924931,-0.781920537003015,0.439639102578893,-0.520832162038366,1.093573385953,-1.40490818050689,0.280013657994362,0.201253365031195,-0.437839842432141,-1.06745507932492,-0.769816069249186,0.125726331062651,-0.0722015760927697,1.61633491208729,-0.879842429076104,2.64603833372954,-0.225956296266801,2.18778558848123,-0.646342238125891,-0.479764595080362,1.18018316766599,0.923502921831613,-0.497541960701831,0.524352127741394,-1.74104359653081,-0.268500799485991,-0.690841568292126,0.162468447618568,0.523403184837178,0.0853770998911959,-0.62019067402177,-0.789645745334085,-0.338299703825132,-0.71531385052455,0.0173463902654455,-0.128615611735239,-2.30973839794855,1.67414308341239,0.268532412106327,-1.54302986883258,-1.39812865173448,0.18550433063131,1.05134010067682,-0.634252010839287,0.724929325964284,-0.255707276430685,2.89510746806732,0.326704462339024,0.358855639021544,1.14952667636667,0.557330911673709,0.400692216050657,-0.639529519689787,0.265260724636956
